,revid,message
0,516633096,"{'message': 'RevisionNotFound: Could not find revision ({revision}:516633096)', 'type': 'RevisionNotFound'}"
1,550682925,"{'message': 'RevisionNotFound: Could not find revision ({revision}:550682925)', 'type': 'RevisionNotFound'}"
2,627547024,"{'message': 'RevisionNotFound: Could not find revision ({revision}:627547024)', 'type': 'RevisionNotFound'}"
3,636911471,"{'message': 'RevisionNotFound: Could not find revision ({revision}:636911471)', 'type': 'RevisionNotFound'}"
4,669987106,"{'message': 'RevisionNotFound: Could not find revision ({revision}:669987106)', 'type': 'RevisionNotFound'}"
5,671484594,"{'message': 'RevisionNotFound: Could not find revision ({revision}:671484594)', 'type': 'RevisionNotFound'}"
6,680981536,"{'message': 'RevisionNotFound: Could not find revision ({revision}:680981536)', 'type': 'RevisionNotFound'}"
7,684023803,"{'message': 'RevisionNotFound: Could not find revision ({revision}:684023803)', 'type': 'RevisionNotFound'}"
8,684023859,"{'message': 'RevisionNotFound: Could not find revision ({revision}:684023859)', 'type': 'RevisionNotFound'}"
9,696608092,"{'message': 'RevisionNotFound: Could not find revision ({revision}:696608092)', 'type': 'RevisionNotFound'}"
10,698572327,"{'message': 'RevisionNotFound: Could not find revision ({revision}:698572327)', 'type': 'RevisionNotFound'}"
11,699260156,"{'message': 'TextDeleted: Text deleted (datasource.revision.text)', 'type': 'TextDeleted'}"
12,703773782,"{'message': 'RevisionNotFound: Could not find revision ({revision}:703773782)', 'type': 'RevisionNotFound'}"
13,706204833,"{'message': 'RevisionNotFound: Could not find revision ({revision}:706204833)', 'type': 'RevisionNotFound'}"
14,706810694,"{'message': 'RevisionNotFound: Could not find revision ({revision}:706810694)', 'type': 'RevisionNotFound'}"
15,708482569,"{'message': 'RevisionNotFound: Could not find revision ({revision}:708482569)', 'type': 'RevisionNotFound'}"
16,708813010,"{'message': 'RevisionNotFound: Could not find revision ({revision}:708813010)', 'type': 'RevisionNotFound'}"
17,709508670,"{'message': 'RevisionNotFound: Could not find revision ({revision}:709508670)', 'type': 'RevisionNotFound'}"
18,710135228,"{'message': 'RevisionNotFound: Could not find revision ({revision}:710135228)', 'type': 'RevisionNotFound'}"
19,710311600,"{'message': 'RevisionNotFound: Could not find revision ({revision}:710311600)', 'type': 'RevisionNotFound'}"
20,710715953,"{'message': 'RevisionNotFound: Could not find revision ({revision}:710715953)', 'type': 'RevisionNotFound'}"
21,711224007,"{'message': 'RevisionNotFound: Could not find revision ({revision}:711224007)', 'type': 'RevisionNotFound'}"
22,711288191,"{'message': 'RevisionNotFound: Could not find revision ({revision}:711288191)', 'type': 'RevisionNotFound'}"
23,711513274,"{'message': 'RevisionNotFound: Could not find revision ({revision}:711513274)', 'type': 'RevisionNotFound'}"
24,712411818,"{'message': 'RevisionNotFound: Could not find revision ({revision}:712411818)', 'type': 'RevisionNotFound'}"
25,712872338,"{'message': 'RevisionNotFound: Could not find revision ({revision}:712872338)', 'type': 'RevisionNotFound'}"
26,712872421,"{'message': 'RevisionNotFound: Could not find revision ({revision}:712872421)', 'type': 'RevisionNotFound'}"
27,712872473,"{'message': 'RevisionNotFound: Could not find revision ({revision}:712872473)', 'type': 'RevisionNotFound'}"
28,712872531,"{'message': 'RevisionNotFound: Could not find revision ({revision}:712872531)', 'type': 'RevisionNotFound'}"
29,712873183,"{'message': 'RevisionNotFound: Could not find revision ({revision}:712873183)', 'type': 'RevisionNotFound'}"
30,712873308,"{'message': 'RevisionNotFound: Could not find revision ({revision}:712873308)', 'type': 'RevisionNotFound'}"
31,712873386,"{'message': 'RevisionNotFound: Could not find revision ({revision}:712873386)', 'type': 'RevisionNotFound'}"
32,712878000,"{'message': 'RevisionNotFound: Could not find revision ({revision}:712878000)', 'type': 'RevisionNotFound'}"
33,712878267,"{'message': 'RevisionNotFound: Could not find revision ({revision}:712878267)', 'type': 'RevisionNotFound'}"
34,712878343,"{'message': 'RevisionNotFound: Could not find revision ({revision}:712878343)', 'type': 'RevisionNotFound'}"
35,712878396,"{'message': 'RevisionNotFound: Could not find revision ({revision}:712878396)', 'type': 'RevisionNotFound'}"
36,712881543,"{'message': 'RevisionNotFound: Could not find revision ({revision}:712881543)', 'type': 'RevisionNotFound'}"
37,712881676,"{'message': 'RevisionNotFound: Could not find revision ({revision}:712881676)', 'type': 'RevisionNotFound'}"
38,712881741,"{'message': 'RevisionNotFound: Could not find revision ({revision}:712881741)', 'type': 'RevisionNotFound'}"
39,712881882,"{'message': 'RevisionNotFound: Could not find revision ({revision}:712881882)', 'type': 'RevisionNotFound'}"
40,712889562,"{'message': 'RevisionNotFound: Could not find revision ({revision}:712889562)', 'type': 'RevisionNotFound'}"
41,712889594,"{'message': 'RevisionNotFound: Could not find revision ({revision}:712889594)', 'type': 'RevisionNotFound'}"
42,712889683,"{'message': 'RevisionNotFound: Could not find revision ({revision}:712889683)', 'type': 'RevisionNotFound'}"
43,712889781,"{'message': 'RevisionNotFound: Could not find revision ({revision}:712889781)', 'type': 'RevisionNotFound'}"
44,712889809,"{'message': 'RevisionNotFound: Could not find revision ({revision}:712889809)', 'type': 'RevisionNotFound'}"
45,712891291,"{'message': 'RevisionNotFound: Could not find revision ({revision}:712891291)', 'type': 'RevisionNotFound'}"
46,712891354,"{'message': 'RevisionNotFound: Could not find revision ({revision}:712891354)', 'type': 'RevisionNotFound'}"
47,712891378,"{'message': 'RevisionNotFound: Could not find revision ({revision}:712891378)', 'type': 'RevisionNotFound'}"
48,712891476,"{'message': 'RevisionNotFound: Could not find revision ({revision}:712891476)', 'type': 'RevisionNotFound'}"
49,713368646,"{'message': 'RevisionNotFound: Could not find revision ({revision}:713368646)', 'type': 'RevisionNotFound'}"
50,713381693,"{'message': 'RevisionNotFound: Could not find revision ({revision}:713381693)', 'type': 'RevisionNotFound'}"
51,714352602,"{'message': 'TextDeleted: Text deleted (datasource.revision.text)', 'type': 'TextDeleted'}"
52,715273866,"{'message': 'RevisionNotFound: Could not find revision ({revision}:715273866)', 'type': 'RevisionNotFound'}"
53,715457941,"{'message': 'RevisionNotFound: Could not find revision ({revision}:715457941)', 'type': 'RevisionNotFound'}"
54,715534283,"{'message': 'RevisionNotFound: Could not find revision ({revision}:715534283)', 'type': 'RevisionNotFound'}"
55,715978328,"{'message': 'RevisionNotFound: Could not find revision ({revision}:715978328)', 'type': 'RevisionNotFound'}"
56,717536136,"{'message': 'RevisionNotFound: Could not find revision ({revision}:717536136)', 'type': 'RevisionNotFound'}"
57,717891895,"{'message': 'TextDeleted: Text deleted (datasource.revision.text)', 'type': 'TextDeleted'}"
58,717917231,"{'message': 'RevisionNotFound: Could not find revision ({revision}:717917231)', 'type': 'RevisionNotFound'}"
59,717927381,"{'message': 'RevisionNotFound: Could not find revision ({revision}:717927381)', 'type': 'RevisionNotFound'}"
60,718090116,"{'message': 'RevisionNotFound: Could not find revision ({revision}:718090116)', 'type': 'RevisionNotFound'}"
61,719342595,"{'message': 'RevisionNotFound: Could not find revision ({revision}:719342595)', 'type': 'RevisionNotFound'}"
62,719521006,"{'message': 'RevisionNotFound: Could not find revision ({revision}:719521006)', 'type': 'RevisionNotFound'}"
63,719581803,"{'message': 'RevisionNotFound: Could not find revision ({revision}:719581803)', 'type': 'RevisionNotFound'}"
64,719981739,"{'message': 'RevisionNotFound: Could not find revision ({revision}:719981739)', 'type': 'RevisionNotFound'}"
65,720054719,"{'message': 'RevisionNotFound: Could not find revision ({revision}:720054719)', 'type': 'RevisionNotFound'}"
66,720154872,"{'message': 'RevisionNotFound: Could not find revision ({revision}:720154872)', 'type': 'RevisionNotFound'}"
67,720164068,"{'message': 'RevisionNotFound: Could not find revision ({revision}:720164068)', 'type': 'RevisionNotFound'}"
68,720356159,"{'message': 'RevisionNotFound: Could not find revision ({revision}:720356159)', 'type': 'RevisionNotFound'}"
69,720688837,"{'message': 'RevisionNotFound: Could not find revision ({revision}:720688837)', 'type': 'RevisionNotFound'}"
70,720856841,"{'message': 'RevisionNotFound: Could not find revision ({revision}:720856841)', 'type': 'RevisionNotFound'}"
71,720924221,"{'message': 'RevisionNotFound: Could not find revision ({revision}:720924221)', 'type': 'RevisionNotFound'}"
72,720953589,"{'message': 'RevisionNotFound: Could not find revision ({revision}:720953589)', 'type': 'RevisionNotFound'}"
73,720959757,"{'message': 'RevisionNotFound: Could not find revision ({revision}:720959757)', 'type': 'RevisionNotFound'}"
74,720993927,"{'message': 'RevisionNotFound: Could not find revision ({revision}:720993927)', 'type': 'RevisionNotFound'}"
75,721106120,"{'message': 'RevisionNotFound: Could not find revision ({revision}:721106120)', 'type': 'RevisionNotFound'}"
76,721509220,"{'message': 'RevisionNotFound: Could not find revision ({revision}:721509220)', 'type': 'RevisionNotFound'}"
77,721856824,"{'message': 'RevisionNotFound: Could not find revision ({revision}:721856824)', 'type': 'RevisionNotFound'}"
78,723082034,"{'message': 'RevisionNotFound: Could not find revision ({revision}:723082034)', 'type': 'RevisionNotFound'}"
79,723308478,"{'message': 'RevisionNotFound: Could not find revision ({revision}:723308478)', 'type': 'RevisionNotFound'}"
80,724052271,"{'message': 'RevisionNotFound: Could not find revision ({revision}:724052271)', 'type': 'RevisionNotFound'}"
81,726600165,"{'message': 'RevisionNotFound: Could not find revision ({revision}:726600165)', 'type': 'RevisionNotFound'}"
82,726639434,"{'message': 'RevisionNotFound: Could not find revision ({revision}:726639434)', 'type': 'RevisionNotFound'}"
83,726805368,"{'message': 'RevisionNotFound: Could not find revision ({revision}:726805368)', 'type': 'RevisionNotFound'}"
84,730950147,"{'message': 'RevisionNotFound: Could not find revision ({revision}:730950147)', 'type': 'RevisionNotFound'}"
85,734957625,"{'message': 'RevisionNotFound: Could not find revision ({revision}:734957625)', 'type': 'RevisionNotFound'}"
86,735966681,"{'message': 'RevisionNotFound: Could not find revision ({revision}:735966681)', 'type': 'RevisionNotFound'}"
87,736660951,"{'message': 'RevisionNotFound: Could not find revision ({revision}:736660951)', 'type': 'RevisionNotFound'}"
88,737123608,"{'message': 'RevisionNotFound: Could not find revision ({revision}:737123608)', 'type': 'RevisionNotFound'}"
89,738480520,"{'message': 'RevisionNotFound: Could not find revision ({revision}:738480520)', 'type': 'RevisionNotFound'}"
90,738514517,"{'message': 'RevisionNotFound: Could not find revision ({revision}:738514517)', 'type': 'RevisionNotFound'}"
91,738984692,"{'message': 'RevisionNotFound: Could not find revision ({revision}:738984692)', 'type': 'RevisionNotFound'}"
92,739115995,"{'message': 'RevisionNotFound: Could not find revision ({revision}:739115995)', 'type': 'RevisionNotFound'}"
93,740126873,"{'message': 'RevisionNotFound: Could not find revision ({revision}:740126873)', 'type': 'RevisionNotFound'}"
94,743770874,"{'message': 'RevisionNotFound: Could not find revision ({revision}:743770874)', 'type': 'RevisionNotFound'}"
95,744643166,"{'message': 'RevisionNotFound: Could not find revision ({revision}:744643166)', 'type': 'RevisionNotFound'}"
96,745915558,"{'message': 'RevisionNotFound: Could not find revision ({revision}:745915558)', 'type': 'RevisionNotFound'}"
97,746758535,"{'message': 'RevisionNotFound: Could not find revision ({revision}:746758535)', 'type': 'RevisionNotFound'}"
98,747688056,"{'message': 'RevisionNotFound: Could not find revision ({revision}:747688056)', 'type': 'RevisionNotFound'}"
99,747922835,"{'message': 'RevisionNotFound: Could not find revision ({revision}:747922835)', 'type': 'RevisionNotFound'}"
100,748601806,"{'message': 'RevisionNotFound: Could not find revision ({revision}:748601806)', 'type': 'RevisionNotFound'}"
101,749326717,"{'message': 'RevisionNotFound: Could not find revision ({revision}:749326717)', 'type': 'RevisionNotFound'}"
102,749389032,"{'message': 'RevisionNotFound: Could not find revision ({revision}:749389032)', 'type': 'RevisionNotFound'}"
103,749546552,"{'message': 'RevisionNotFound: Could not find revision ({revision}:749546552)', 'type': 'RevisionNotFound'}"
104,749699147,"{'message': 'RevisionNotFound: Could not find revision ({revision}:749699147)', 'type': 'RevisionNotFound'}"
105,749705073,"{'message': 'RevisionNotFound: Could not find revision ({revision}:749705073)', 'type': 'RevisionNotFound'}"
106,750849372,"{'message': 'RevisionNotFound: Could not find revision ({revision}:750849372)', 'type': 'RevisionNotFound'}"
107,753191526,"{'message': 'RevisionNotFound: Could not find revision ({revision}:753191526)', 'type': 'RevisionNotFound'}"
108,754739349,"{'message': 'RevisionNotFound: Could not find revision ({revision}:754739349)', 'type': 'RevisionNotFound'}"
109,756697478,"{'message': 'RevisionNotFound: Could not find revision ({revision}:756697478)', 'type': 'RevisionNotFound'}"
110,757313957,"{'message': 'RevisionNotFound: Could not find revision ({revision}:757313957)', 'type': 'RevisionNotFound'}"
111,757961591,"{'message': 'RevisionNotFound: Could not find revision ({revision}:757961591)', 'type': 'RevisionNotFound'}"
112,758706289,"{'message': 'RevisionNotFound: Could not find revision ({revision}:758706289)', 'type': 'RevisionNotFound'}"
113,760194556,"{'message': 'RevisionNotFound: Could not find revision ({revision}:760194556)', 'type': 'RevisionNotFound'}"
114,760195376,"{'message': 'RevisionNotFound: Could not find revision ({revision}:760195376)', 'type': 'RevisionNotFound'}"
115,761821348,"{'message': 'RevisionNotFound: Could not find revision ({revision}:761821348)', 'type': 'RevisionNotFound'}"
116,762816132,"{'message': 'RevisionNotFound: Could not find revision ({revision}:762816132)', 'type': 'RevisionNotFound'}"
117,763245610,"{'message': 'RevisionNotFound: Could not find revision ({revision}:763245610)', 'type': 'RevisionNotFound'}"
118,763558111,"{'message': 'RevisionNotFound: Could not find revision ({revision}:763558111)', 'type': 'RevisionNotFound'}"
119,764019224,"{'message': 'RevisionNotFound: Could not find revision ({revision}:764019224)', 'type': 'RevisionNotFound'}"
120,764191934,"{'message': 'RevisionNotFound: Could not find revision ({revision}:764191934)', 'type': 'RevisionNotFound'}"
121,764911200,"{'message': 'RevisionNotFound: Could not find revision ({revision}:764911200)', 'type': 'RevisionNotFound'}"
122,765228329,"{'message': 'RevisionNotFound: Could not find revision ({revision}:765228329)', 'type': 'RevisionNotFound'}"
123,765489047,"{'message': 'TextDeleted: Text deleted (datasource.revision.text)', 'type': 'TextDeleted'}"
124,765662083,"{'message': 'RevisionNotFound: Could not find revision ({revision}:765662083)', 'type': 'RevisionNotFound'}"
125,765717347,"{'message': 'RevisionNotFound: Could not find revision ({revision}:765717347)', 'type': 'RevisionNotFound'}"
126,766101638,"{'message': 'RevisionNotFound: Could not find revision ({revision}:766101638)', 'type': 'RevisionNotFound'}"
127,768013050,"{'message': 'RevisionNotFound: Could not find revision ({revision}:768013050)', 'type': 'RevisionNotFound'}"
128,768871687,"{'message': 'RevisionNotFound: Could not find revision ({revision}:768871687)', 'type': 'RevisionNotFound'}"
129,771213598,"{'message': 'RevisionNotFound: Could not find revision ({revision}:771213598)', 'type': 'RevisionNotFound'}"
130,771642775,"{'message': 'RevisionNotFound: Could not find revision ({revision}:771642775)', 'type': 'RevisionNotFound'}"
131,772176512,"{'message': 'RevisionNotFound: Could not find revision ({revision}:772176512)', 'type': 'RevisionNotFound'}"
132,772567736,"{'message': 'RevisionNotFound: Could not find revision ({revision}:772567736)', 'type': 'RevisionNotFound'}"
133,773323473,"{'message': 'RevisionNotFound: Could not find revision ({revision}:773323473)', 'type': 'RevisionNotFound'}"
134,773355081,"{'message': 'RevisionNotFound: Could not find revision ({revision}:773355081)', 'type': 'RevisionNotFound'}"
135,773601556,"{'message': 'RevisionNotFound: Could not find revision ({revision}:773601556)', 'type': 'RevisionNotFound'}"
136,774023957,"{'message': 'TextDeleted: Text deleted (datasource.revision.text)', 'type': 'TextDeleted'}"
137,774293013,"{'message': 'RevisionNotFound: Could not find revision ({revision}:774293013)', 'type': 'RevisionNotFound'}"
138,777163201,"{'message': 'RevisionNotFound: Could not find revision ({revision}:777163201)', 'type': 'RevisionNotFound'}"
139,778388481,"{'message': 'RevisionNotFound: Could not find revision ({revision}:778388481)', 'type': 'RevisionNotFound'}"
140,778618827,"{'message': 'RevisionNotFound: Could not find revision ({revision}:778618827)', 'type': 'RevisionNotFound'}"
141,779101752,"{'message': 'RevisionNotFound: Could not find revision ({revision}:779101752)', 'type': 'RevisionNotFound'}"
142,779135011,"{'message': 'RevisionNotFound: Could not find revision ({revision}:779135011)', 'type': 'RevisionNotFound'}"
143,779409209,"{'message': 'RevisionNotFound: Could not find revision ({revision}:779409209)', 'type': 'RevisionNotFound'}"
144,779899001,"{'message': 'RevisionNotFound: Could not find revision ({revision}:779899001)', 'type': 'RevisionNotFound'}"
145,779954797,"{'message': 'RevisionNotFound: Could not find revision ({revision}:779954797)', 'type': 'RevisionNotFound'}"
146,779957437,"{'message': 'RevisionNotFound: Could not find revision ({revision}:779957437)', 'type': 'RevisionNotFound'}"
147,781072934,"{'message': 'RevisionNotFound: Could not find revision ({revision}:781072934)', 'type': 'RevisionNotFound'}"
148,781427254,"{'message': 'RevisionNotFound: Could not find revision ({revision}:781427254)', 'type': 'RevisionNotFound'}"
149,782170063,"{'message': 'RevisionNotFound: Could not find revision ({revision}:782170063)', 'type': 'RevisionNotFound'}"
150,782508289,"{'message': 'RevisionNotFound: Could not find revision ({revision}:782508289)', 'type': 'RevisionNotFound'}"
151,783382630,"{'message': 'RevisionNotFound: Could not find revision ({revision}:783382630)', 'type': 'RevisionNotFound'}"
152,784558743,"{'message': 'RevisionNotFound: Could not find revision ({revision}:784558743)', 'type': 'RevisionNotFound'}"
153,786721553,"{'message': 'RevisionNotFound: Could not find revision ({revision}:786721553)', 'type': 'RevisionNotFound'}"
154,787181453,"{'message': 'RevisionNotFound: Could not find revision ({revision}:787181453)', 'type': 'RevisionNotFound'}"
155,787353922,"{'message': 'RevisionNotFound: Could not find revision ({revision}:787353922)', 'type': 'RevisionNotFound'}"
156,787391918,"{'message': 'RevisionNotFound: Could not find revision ({revision}:787391918)', 'type': 'RevisionNotFound'}"
157,787398581,"{'message': 'RevisionNotFound: Could not find revision ({revision}:787398581)', 'type': 'RevisionNotFound'}"
158,787453368,"{'message': 'RevisionNotFound: Could not find revision ({revision}:787453368)', 'type': 'RevisionNotFound'}"
159,788037971,"{'message': 'RevisionNotFound: Could not find revision ({revision}:788037971)', 'type': 'RevisionNotFound'}"
160,788289620,"{'message': 'RevisionNotFound: Could not find revision ({revision}:788289620)', 'type': 'RevisionNotFound'}"
161,788310383,"{'message': 'RevisionNotFound: Could not find revision ({revision}:788310383)', 'type': 'RevisionNotFound'}"
162,788722110,"{'message': 'RevisionNotFound: Could not find revision ({revision}:788722110)', 'type': 'RevisionNotFound'}"
163,788844423,"{'message': 'RevisionNotFound: Could not find revision ({revision}:788844423)', 'type': 'RevisionNotFound'}"
164,788884593,"{'message': 'RevisionNotFound: Could not find revision ({revision}:788884593)', 'type': 'RevisionNotFound'}"
165,789080627,"{'message': 'RevisionNotFound: Could not find revision ({revision}:789080627)', 'type': 'RevisionNotFound'}"
166,789150159,"{'message': 'RevisionNotFound: Could not find revision ({revision}:789150159)', 'type': 'RevisionNotFound'}"
167,789262504,"{'message': 'RevisionNotFound: Could not find revision ({revision}:789262504)', 'type': 'RevisionNotFound'}"
168,789266166,"{'message': 'RevisionNotFound: Could not find revision ({revision}:789266166)', 'type': 'RevisionNotFound'}"
169,789271422,"{'message': 'RevisionNotFound: Could not find revision ({revision}:789271422)', 'type': 'RevisionNotFound'}"
170,789281061,"{'message': 'RevisionNotFound: Could not find revision ({revision}:789281061)', 'type': 'RevisionNotFound'}"
171,789285351,"{'message': 'RevisionNotFound: Could not find revision ({revision}:789285351)', 'type': 'RevisionNotFound'}"
172,789285762,"{'message': 'RevisionNotFound: Could not find revision ({revision}:789285762)', 'type': 'RevisionNotFound'}"
173,789286413,"{'message': 'RevisionNotFound: Could not find revision ({revision}:789286413)', 'type': 'RevisionNotFound'}"
174,789444415,"{'message': 'RevisionNotFound: Could not find revision ({revision}:789444415)', 'type': 'RevisionNotFound'}"
175,789736824,"{'message': 'RevisionNotFound: Could not find revision ({revision}:789736824)', 'type': 'RevisionNotFound'}"
176,789816636,"{'message': 'RevisionNotFound: Could not find revision ({revision}:789816636)', 'type': 'RevisionNotFound'}"
177,790028876,"{'message': 'RevisionNotFound: Could not find revision ({revision}:790028876)', 'type': 'RevisionNotFound'}"
178,790147995,"{'message': 'RevisionNotFound: Could not find revision ({revision}:790147995)', 'type': 'RevisionNotFound'}"
179,790410710,"{'message': 'RevisionNotFound: Could not find revision ({revision}:790410710)', 'type': 'RevisionNotFound'}"
180,791429003,"{'message': 'RevisionNotFound: Could not find revision ({revision}:791429003)', 'type': 'RevisionNotFound'}"
181,791866288,"{'message': 'RevisionNotFound: Could not find revision ({revision}:791866288)', 'type': 'RevisionNotFound'}"
182,792184018,"{'message': 'RevisionNotFound: Could not find revision ({revision}:792184018)', 'type': 'RevisionNotFound'}"
183,792400552,"{'message': 'RevisionNotFound: Could not find revision ({revision}:792400552)', 'type': 'RevisionNotFound'}"
184,792440851,"{'message': 'RevisionNotFound: Could not find revision ({revision}:792440851)', 'type': 'RevisionNotFound'}"
185,792857662,"{'message': 'RevisionNotFound: Could not find revision ({revision}:792857662)', 'type': 'RevisionNotFound'}"
186,792933603,"{'message': 'RevisionNotFound: Could not find revision ({revision}:792933603)', 'type': 'RevisionNotFound'}"
187,793280504,"{'message': 'RevisionNotFound: Could not find revision ({revision}:793280504)', 'type': 'RevisionNotFound'}"
188,794311724,"{'message': 'TextDeleted: Text deleted (datasource.revision.text)', 'type': 'TextDeleted'}"
189,794409906,"{'message': 'RevisionNotFound: Could not find revision ({revision}:794409906)', 'type': 'RevisionNotFound'}"
190,794768894,"{'message': 'RevisionNotFound: Could not find revision ({revision}:794768894)', 'type': 'RevisionNotFound'}"
191,794866848,"{'message': 'RevisionNotFound: Could not find revision ({revision}:794866848)', 'type': 'RevisionNotFound'}"
192,794990759,"{'message': 'RevisionNotFound: Could not find revision ({revision}:794990759)', 'type': 'RevisionNotFound'}"
193,795545202,"{'message': 'RevisionNotFound: Could not find revision ({revision}:795545202)', 'type': 'RevisionNotFound'}"
194,795588781,"{'message': 'RevisionNotFound: Could not find revision ({revision}:795588781)', 'type': 'RevisionNotFound'}"
195,796744496,"{'message': 'RevisionNotFound: Could not find revision ({revision}:796744496)', 'type': 'RevisionNotFound'}"
196,796758810,"{'message': 'RevisionNotFound: Could not find revision ({revision}:796758810)', 'type': 'RevisionNotFound'}"
197,797311794,"{'message': 'RevisionNotFound: Could not find revision ({revision}:797311794)', 'type': 'RevisionNotFound'}"
198,797902544,"{'message': 'RevisionNotFound: Could not find revision ({revision}:797902544)', 'type': 'RevisionNotFound'}"
199,798073295,"{'message': 'RevisionNotFound: Could not find revision ({revision}:798073295)', 'type': 'RevisionNotFound'}"
200,798615865,"{'message': 'RevisionNotFound: Could not find revision ({revision}:798615865)', 'type': 'RevisionNotFound'}"
201,798841317,"{'message': 'RevisionNotFound: Could not find revision ({revision}:798841317)', 'type': 'RevisionNotFound'}"
202,798865216,"{'message': 'RevisionNotFound: Could not find revision ({revision}:798865216)', 'type': 'RevisionNotFound'}"
203,798891126,"{'message': 'RevisionNotFound: Could not find revision ({revision}:798891126)', 'type': 'RevisionNotFound'}"
204,798945915,"{'message': 'RevisionNotFound: Could not find revision ({revision}:798945915)', 'type': 'RevisionNotFound'}"
205,798952867,"{'message': 'RevisionNotFound: Could not find revision ({revision}:798952867)', 'type': 'RevisionNotFound'}"
206,799036953,"{'message': 'RevisionNotFound: Could not find revision ({revision}:799036953)', 'type': 'RevisionNotFound'}"
207,799263010,"{'message': 'RevisionNotFound: Could not find revision ({revision}:799263010)', 'type': 'RevisionNotFound'}"
208,799300265,"{'message': 'RevisionNotFound: Could not find revision ({revision}:799300265)', 'type': 'RevisionNotFound'}"
209,799540668,"{'message': 'RevisionNotFound: Could not find revision ({revision}:799540668)', 'type': 'RevisionNotFound'}"
210,799880073,"{'message': 'RevisionNotFound: Could not find revision ({revision}:799880073)', 'type': 'RevisionNotFound'}"
211,799933274,"{'message': 'RevisionNotFound: Could not find revision ({revision}:799933274)', 'type': 'RevisionNotFound'}"
212,799981363,"{'message': 'RevisionNotFound: Could not find revision ({revision}:799981363)', 'type': 'RevisionNotFound'}"
213,800072571,"{'message': 'RevisionNotFound: Could not find revision ({revision}:800072571)', 'type': 'RevisionNotFound'}"
214,800144885,"{'message': 'RevisionNotFound: Could not find revision ({revision}:800144885)', 'type': 'RevisionNotFound'}"
215,800233652,"{'message': 'RevisionNotFound: Could not find revision ({revision}:800233652)', 'type': 'RevisionNotFound'}"
216,800299837,"{'message': 'RevisionNotFound: Could not find revision ({revision}:800299837)', 'type': 'RevisionNotFound'}"
217,800471126,"{'message': 'RevisionNotFound: Could not find revision ({revision}:800471126)', 'type': 'RevisionNotFound'}"
218,800574730,"{'message': 'RevisionNotFound: Could not find revision ({revision}:800574730)', 'type': 'RevisionNotFound'}"
219,800707821,"{'message': 'RevisionNotFound: Could not find revision ({revision}:800707821)', 'type': 'RevisionNotFound'}"
220,800802122,"{'message': 'TextDeleted: Text deleted (datasource.revision.text)', 'type': 'TextDeleted'}"
221,801177435,"{'message': 'RevisionNotFound: Could not find revision ({revision}:801177435)', 'type': 'RevisionNotFound'}"
222,801306872,"{'message': 'RevisionNotFound: Could not find revision ({revision}:801306872)', 'type': 'RevisionNotFound'}"
223,801536406,"{'message': 'RevisionNotFound: Could not find revision ({revision}:801536406)', 'type': 'RevisionNotFound'}"
224,801563949,"{'message': 'RevisionNotFound: Could not find revision ({revision}:801563949)', 'type': 'RevisionNotFound'}"
225,801566979,"{'message': 'RevisionNotFound: Could not find revision ({revision}:801566979)', 'type': 'RevisionNotFound'}"
226,801638735,"{'message': 'RevisionNotFound: Could not find revision ({revision}:801638735)', 'type': 'RevisionNotFound'}"
227,801696196,"{'message': 'RevisionNotFound: Could not find revision ({revision}:801696196)', 'type': 'RevisionNotFound'}"
228,801835819,"{'message': 'TextDeleted: Text deleted (datasource.revision.text)', 'type': 'TextDeleted'}"
229,802148439,"{'message': 'RevisionNotFound: Could not find revision ({revision}:802148439)', 'type': 'RevisionNotFound'}"
230,802302246,"{'message': 'RevisionNotFound: Could not find revision ({revision}:802302246)', 'type': 'RevisionNotFound'}"
231,802445176,"{'message': 'TextDeleted: Text deleted (datasource.revision.text)', 'type': 'TextDeleted'}"
232,802475516,"{'message': 'RevisionNotFound: Could not find revision ({revision}:802475516)', 'type': 'RevisionNotFound'}"
233,802515929,"{'message': 'RevisionNotFound: Could not find revision ({revision}:802515929)', 'type': 'RevisionNotFound'}"
234,802765034,"{'message': 'RevisionNotFound: Could not find revision ({revision}:802765034)', 'type': 'RevisionNotFound'}"
235,802904214,"{'message': 'TextDeleted: Text deleted (datasource.revision.text)', 'type': 'TextDeleted'}"
236,802937732,"{'message': 'TextDeleted: Text deleted (datasource.revision.text)', 'type': 'TextDeleted'}"
237,803413615,"{'message': 'RevisionNotFound: Could not find revision ({revision}:803413615)', 'type': 'RevisionNotFound'}"
238,803484030,"{'message': 'RevisionNotFound: Could not find revision ({revision}:803484030)', 'type': 'RevisionNotFound'}"
239,803784385,"{'message': 'RevisionNotFound: Could not find revision ({revision}:803784385)', 'type': 'RevisionNotFound'}"
240,804057093,"{'message': 'RevisionNotFound: Could not find revision ({revision}:804057093)', 'type': 'RevisionNotFound'}"
241,804118645,"{'message': 'RevisionNotFound: Could not find revision ({revision}:804118645)', 'type': 'RevisionNotFound'}"
242,804158476,"{'message': 'RevisionNotFound: Could not find revision ({revision}:804158476)', 'type': 'RevisionNotFound'}"
243,804473605,"{'message': 'RevisionNotFound: Could not find revision ({revision}:804473605)', 'type': 'RevisionNotFound'}"
244,804697858,"{'message': 'RevisionNotFound: Could not find revision ({revision}:804697858)', 'type': 'RevisionNotFound'}"
245,804791599,"{'message': 'RevisionNotFound: Could not find revision ({revision}:804791599)', 'type': 'RevisionNotFound'}"
246,804941978,"{'message': 'RevisionNotFound: Could not find revision ({revision}:804941978)', 'type': 'RevisionNotFound'}"
247,804945338,"{'message': 'RevisionNotFound: Could not find revision ({revision}:804945338)', 'type': 'RevisionNotFound'}"
248,804946658,"{'message': 'RevisionNotFound: Could not find revision ({revision}:804946658)', 'type': 'RevisionNotFound'}"
249,805031334,"{'message': 'RevisionNotFound: Could not find revision ({revision}:805031334)', 'type': 'RevisionNotFound'}"
250,805041930,"{'message': 'RevisionNotFound: Could not find revision ({revision}:805041930)', 'type': 'RevisionNotFound'}"
251,805211553,"{'message': 'RevisionNotFound: Could not find revision ({revision}:805211553)', 'type': 'RevisionNotFound'}"
252,805420467,"{'message': 'RevisionNotFound: Could not find revision ({revision}:805420467)', 'type': 'RevisionNotFound'}"
253,805517427,"{'message': 'RevisionNotFound: Could not find revision ({revision}:805517427)', 'type': 'RevisionNotFound'}"
254,805697623,"{'message': 'RevisionNotFound: Could not find revision ({revision}:805697623)', 'type': 'RevisionNotFound'}"
255,805788048,"{'message': 'RevisionNotFound: Could not find revision ({revision}:805788048)', 'type': 'RevisionNotFound'}"
256,805936041,"{'message': 'RevisionNotFound: Could not find revision ({revision}:805936041)', 'type': 'RevisionNotFound'}"
257,805970954,"{'message': 'RevisionNotFound: Could not find revision ({revision}:805970954)', 'type': 'RevisionNotFound'}"
258,805993160,"{'message': 'RevisionNotFound: Could not find revision ({revision}:805993160)', 'type': 'RevisionNotFound'}"
259,806030859,"{'message': 'RevisionNotFound: Could not find revision ({revision}:806030859)', 'type': 'RevisionNotFound'}"
260,806179522,"{'message': 'RevisionNotFound: Could not find revision ({revision}:806179522)', 'type': 'RevisionNotFound'}"
261,806223655,"{'message': 'RevisionNotFound: Could not find revision ({revision}:806223655)', 'type': 'RevisionNotFound'}"
262,806372496,"{'message': 'TextDeleted: Text deleted (datasource.revision.text)', 'type': 'TextDeleted'}"
263,806403304,"{'message': 'RevisionNotFound: Could not find revision ({revision}:806403304)', 'type': 'RevisionNotFound'}"
264,806542084,"{'message': 'RevisionNotFound: Could not find revision ({revision}:806542084)', 'type': 'RevisionNotFound'}"
265,806695084,"{'message': 'RevisionNotFound: Could not find revision ({revision}:806695084)', 'type': 'RevisionNotFound'}"
266,806708318,"{'message': 'TextDeleted: Text deleted (datasource.revision.text)', 'type': 'TextDeleted'}"
267,806811023,"{'message': 'RevisionNotFound: Could not find revision ({revision}:806811023)', 'type': 'RevisionNotFound'}"
268,807000274,"{'message': 'TextDeleted: Text deleted (datasource.revision.text)', 'type': 'TextDeleted'}"
269,807161510,"{'message': 'RevisionNotFound: Could not find revision ({revision}:807161510)', 'type': 'RevisionNotFound'}"
270,807196681,"{'message': 'TextDeleted: Text deleted (datasource.revision.text)', 'type': 'TextDeleted'}"
271,807336308,"{'message': 'RevisionNotFound: Could not find revision ({revision}:807336308)', 'type': 'RevisionNotFound'}"
272,807367030,"{'message': 'RevisionNotFound: Could not find revision ({revision}:807367030)', 'type': 'RevisionNotFound'}"
273,807367166,"{'message': 'RevisionNotFound: Could not find revision ({revision}:807367166)', 'type': 'RevisionNotFound'}"
274,807479587,"{'message': 'RevisionNotFound: Could not find revision ({revision}:807479587)', 'type': 'RevisionNotFound'}"
275,807484325,"{'message': 'RevisionNotFound: Could not find revision ({revision}:807484325)', 'type': 'RevisionNotFound'}"
